id_img,label
18341,happy
13176,happy
23945,sadness
15968,happy
18382,happy
8256,happy
21635,sadness
2418,sadness
4515,sadness
27618,happy
9674,sadness
11539,happy
25664,happy
14930,happy
15667,happy
7682,happy
16581,happy
23973,sadness
180,sadness
13253,sadness
25382,happy
16148,happy
21656,happy
11803,sadness
15072,happy
11961,happy
17382,sadness
14261,happy
3539,sadness
2827,sadness
14139,happy
12059,happy
18734,sadness
25703,happy
27738,happy
24609,sadness
20560,sadness
6807,sadness
7115,happy
12786,sadness
15312,sadness
24494,sadness
17673,happy
15066,happy
12951,happy
27063,sadness
26677,happy
26443,sadness
16724,happy
24828,happy
24755,sadness
27128,happy
18767,happy
18427,happy
11553,happy
26993,happy
17077,sadness
26994,happy
11041,happy
6750,sadness
9714,happy
11152,sadness
8892,sadness
20342,happy
16712,sadness
11227,happy
9192,happy
12772,happy
9746,sadness
23201,happy
26142,sadness
12920,happy
25843,sadness
5128,happy
22484,happy
27076,happy
527,happy
27717,sadness
15468,sadness
22466,happy
2514,sadness
24743,happy
1834,sadness
14106,sadness
20243,happy
25317,happy
17595,happy
11332,happy
13715,happy
8714,happy
5936,sadness
23154,sadness
2449,sadness
22071,sadness
9984,sadness
11833,happy
13819,happy
27484,sadness
24355,happy
16835,happy
12591,sadness
10120,happy
27956,sadness
8251,happy
13368,sadness
27140,happy
20937,happy
23489,happy
22002,happy
11681,happy
11516,happy
14133,happy
15868,sadness
10547,happy
23409,happy
6529,sadness
7808,happy
26600,sadness
25096,happy
11230,happy
28140,sadness
13985,happy
25282,sadness
27324,sadness
16192,happy
7000,sadness
20232,sadness
26290,happy
3951,sadness
21486,happy
7573,happy
19620,sadness
9318,happy
8641,happy
8544,happy
20576,happy
12426,happy
10157,sadness
21375,happy
5070,sadness
15274,sadness
6696,sadness
9932,happy
15183,sadness
8028,happy
456,happy
20964,sadness
17905,happy
12653,happy
14332,happy
8923,sadness
15288,sadness
5004,sadness
25,happy
18231,happy
12773,happy
13968,happy
12739,happy
3752,happy
14102,sadness
17747,happy
20425,happy
25240,sadness
17488,happy
17499,sadness
14658,happy
7870,sadness
16327,happy
139,sadness
18186,happy
22604,happy
10469,happy
24198,happy
20175,sadness
25275,sadness
18805,sadness
20054,happy
5183,sadness
8911,sadness
9180,happy
11049,sadness
28574,happy
580,sadness
8886,sadness
19168,happy
3649,sadness
19851,sadness
25004,sadness
13261,happy
22828,sadness
25935,happy
27613,sadness
10176,sadness
24867,happy
18165,happy
14280,sadness
15508,happy
24019,sadness
25364,sadness
9740,happy
12239,happy
2342,happy
21795,happy
4940,sadness
11122,happy
9517,happy
14074,happy
14800,sadness
22335,sadness
23214,sadness
2576,sadness
20321,sadness
2197,sadness
11989,happy
10425,sadness
28465,sadness
14472,sadness
19367,sadness
23220,sadness
7430,sadness
14070,sadness
14245,happy
9744,happy
25407,sadness
19241,happy
19892,happy
14655,sadness
21406,happy
15479,sadness
7579,sadness
13026,happy
26903,sadness
3922,sadness
11819,happy
23923,happy
21691,sadness
10140,sadness
20784,sadness
9576,sadness
15589,happy
27283,happy
12725,happy
17977,sadness
23383,sadness
24498,sadness
21344,happy
16699,happy
127,sadness
5744,happy
21527,happy
17079,happy
11795,sadness
10283,happy
15067,happy
27143,sadness
28337,happy
23088,happy
23279,happy
20909,happy
17494,happy
23779,sadness
5336,sadness
16174,sadness
17300,happy
4949,happy
19493,happy
24773,sadness
27102,happy
9067,sadness
2048,sadness
9197,sadness
3385,happy
12246,sadness
14233,happy
8372,happy
24425,happy
23712,sadness
21006,happy
9332,happy
16820,sadness
14032,sadness
26797,happy
12686,happy
26445,sadness
8418,happy
24222,happy
623,happy
23374,sadness
15053,happy
24545,sadness
18782,sadness
15877,sadness
3271,happy
23573,happy
14275,happy
25951,sadness
13365,happy
21710,sadness
26406,happy
6330,sadness
18320,happy
20830,sadness
17202,sadness
19946,sadness
16088,happy
19459,sadness
22051,sadness
16443,sadness
19285,sadness
6866,sadness
20165,happy
19530,happy
25205,happy
26837,sadness
24465,happy
9534,happy
23024,happy
12804,sadness
14328,sadness
28309,happy
19385,sadness
10829,sadness
20138,happy
22262,happy
27185,happy
3118,sadness
19616,happy
2658,sadness
14588,happy
6824,sadness
22639,happy
14442,happy
26270,sadness
5892,sadness
27213,sadness
26249,sadness
21426,happy
21529,happy
19409,sadness
21678,sadness
17518,sadness
10640,happy
16715,happy
25832,sadness
15171,sadness
23380,happy
26558,sadness
3846,happy
27513,happy
8217,sadness
21324,sadness
26011,sadness
24319,sadness
8851,sadness
12438,happy
27417,happy
20323,sadness
20733,happy
24112,sadness
11351,happy
26761,sadness
12130,sadness
19827,happy
9917,happy
18308,happy
26870,happy
21469,happy
15939,happy
9042,happy
24524,happy
12103,happy
26383,happy
17326,happy
6640,sadness
27097,sadness
19449,happy
21177,happy
5581,sadness
27695,happy
17498,happy
2618,happy
25351,sadness
1943,sadness
12174,happy
11701,happy
21162,happy
8012,happy
21760,happy
23359,sadness
20727,happy
25438,happy
10400,happy
12387,happy
6646,sadness
8039,sadness
18316,happy
14109,sadness
19646,happy
12057,sadness
11477,happy
22117,sadness
453,happy
24099,happy
13846,sadness
752,happy
21884,happy
13222,sadness
25777,sadness
12590,happy
23897,happy
19568,sadness
14038,happy
635,happy
26781,happy
23853,sadness
23339,happy
10187,happy
18383,happy
16040,happy
11880,sadness
16004,happy
2775,sadness
7317,happy
13760,happy
13011,happy
6706,sadness
10713,sadness
22878,sadness
6354,sadness
14250,sadness
28118,sadness
17011,sadness
13127,sadness
10422,happy
18144,sadness
7122,sadness
23864,happy
10341,happy
24352,sadness
18843,sadness
26888,happy
475,sadness
23776,happy
28291,sadness
12220,sadness
14809,sadness
27014,sadness
7714,happy
14119,happy
19965,happy
21019,happy
3469,happy
20626,happy
9708,sadness
20125,happy
25259,happy
145,happy
24459,happy
25675,happy
27663,happy
28420,sadness
25961,sadness
28350,happy
2187,sadness
26801,happy
3492,sadness
15228,sadness
21303,happy
27402,happy
7564,sadness
22728,sadness
20850,happy
22120,happy
27121,sadness
25744,happy
13051,sadness
23580,sadness
2679,happy
18127,happy
11142,happy
20679,happy
13473,happy
14345,happy
17426,sadness
19858,sadness
6539,sadness
9057,happy
13366,sadness
2698,sadness
366,happy
7763,happy
25839,happy
23073,sadness
27265,happy
26983,happy
11384,happy
22778,happy
24499,sadness
16407,sadness
26007,happy
16393,happy
9063,sadness
11207,happy
22343,sadness
10089,happy
13575,sadness
16710,sadness
9492,sadness
21546,sadness
21713,happy
26769,happy
24386,sadness
234,happy
18959,happy
22495,sadness
1896,sadness
13294,happy
4860,sadness
9929,happy
17972,happy
1706,sadness
21966,happy
28272,sadness
3360,sadness
21058,happy
2008,sadness
19952,happy
19578,sadness
10383,sadness
20218,happy
14334,happy
26709,happy
25395,sadness
15685,happy
8484,happy
6376,sadness
23013,happy
20749,happy
26869,sadness
18454,sadness
8479,happy
318,sadness
12757,sadness
13000,sadness
8753,happy
348,happy
24656,happy
24823,happy
14533,happy
16151,sadness
20735,happy
14618,happy
24786,sadness
408,sadness
20260,sadness
13878,happy
24633,happy
16579,happy
15365,sadness
16908,happy
24488,sadness
22401,happy
7018,sadness
1751,sadness
17306,sadness
19865,happy
22622,happy
13693,happy
24776,sadness
6868,happy
20829,happy
26950,happy
18392,sadness
11799,happy
25257,sadness
18711,happy
20176,happy
18255,happy
7563,sadness
21583,sadness
22011,sadness
18820,sadness
23288,sadness
26543,happy
9904,happy
4603,sadness
162,sadness
22364,happy
12260,sadness
20558,sadness
23685,happy
20202,sadness
15697,sadness
24173,sadness
16782,happy
9028,sadness
14833,happy
16849,happy
8226,happy
12868,sadness
22371,sadness
8960,happy
13332,sadness
20322,sadness
10632,sadness
6047,sadness
24534,sadness
23710,sadness
24153,happy
7287,sadness
11662,happy
24796,sadness
22032,happy
2714,sadness
23740,sadness
19002,happy
18126,happy
12415,happy
18867,happy
27436,happy
19817,happy
26230,sadness
23979,sadness
4192,sadness
23612,happy
15077,happy
23354,sadness
7685,happy
14048,sadness
23499,sadness
19206,sadness
17539,happy
26593,happy
21513,happy
11254,happy
16799,happy
24055,happy
9447,happy
26830,happy
1724,sadness
13977,happy
8686,sadness
20210,sadness
21306,happy
8294,happy
9841,sadness
11063,sadness
19489,sadness
21294,sadness
1598,sadness
23089,happy
5882,sadness
16541,happy
12861,happy
11091,happy
10871,sadness
25658,happy
20780,happy
15619,happy
17406,happy
22566,sadness
23432,sadness
15397,happy
13454,happy
11726,sadness
27135,sadness
25676,happy
2249,sadness
15846,happy
21378,sadness
8026,sadness
17726,happy
8480,happy
32,happy
6978,sadness
23807,happy
24219,happy
17286,sadness
20685,happy
3149,happy
21238,happy
20502,happy
18406,happy
18076,happy
21931,happy
26501,sadness
28290,happy
19096,happy
14625,happy
13412,happy
23829,happy
1314,sadness
14343,sadness
1931,sadness
20151,happy
26867,happy
22768,happy
27220,sadness
339,happy
13945,happy
19625,sadness
22448,sadness
24382,happy
11046,happy
10670,sadness
12318,sadness
11520,sadness
17950,happy
23925,happy
26819,happy
5409,sadness
18666,happy
8572,sadness
2815,sadness
19699,happy
19279,happy
6039,sadness
25159,happy
10561,sadness
25986,happy
927,happy
13907,sadness
8093,sadness
15319,happy
20906,sadness
24381,happy
25170,sadness
9625,happy
9910,happy
9003,sadness
20722,happy
22569,happy
24891,happy
8395,happy
17068,sadness
16749,happy
23417,happy
28536,happy
22966,happy
19371,happy
19336,happy
16314,sadness
24274,happy
22493,happy
28242,happy
10083,happy
28090,happy
16532,happy
21291,happy
13766,happy
1481,sadness
21481,happy
24986,sadness
14516,happy
27354,happy
22057,sadness
14320,happy
23711,happy
15203,sadness
18722,happy
22950,happy
16791,sadness
24766,sadness
16203,happy
12379,happy
17556,happy
10880,happy
18675,sadness
12705,sadness
4177,sadness
19930,happy
18726,happy
14122,sadness
19514,happy
8467,happy
26791,sadness
21266,sadness
26201,happy
28171,sadness
24521,sadness
10218,happy
25500,sadness
11752,sadness
25430,sadness
10514,happy
23789,happy
3477,sadness
15640,sadness
26222,happy
27320,happy
4153,sadness
20488,sadness
25463,sadness
5862,sadness
16258,sadness
11897,sadness
10502,happy
20040,happy
11260,happy
21519,sadness
22631,happy
17740,sadness
8773,sadness
7741,sadness
424,sadness
1030,sadness
15024,happy
19487,sadness
10078,sadness
2530,sadness
25947,happy
25602,happy
24561,happy
21040,sadness
4400,sadness
458,happy
2671,sadness
23832,sadness
12190,sadness
15507,happy
8584,sadness
24115,happy
20181,sadness
22865,happy
17545,happy
13361,happy
14491,happy
18196,happy
12878,sadness
27848,sadness
20401,happy
8106,happy
16511,sadness
10665,sadness
21389,happy
7702,happy
15980,sadness
14684,happy
17086,happy
3762,sadness
11035,happy
10231,sadness
18421,happy
13832,happy
21942,happy
22543,happy
12345,sadness
11838,happy
21194,sadness
17872,happy
27708,happy
20658,sadness
2966,sadness
8876,sadness
10153,happy
18549,sadness
8861,happy
21582,happy
13546,happy
22470,happy
8507,happy
20566,sadness
2467,sadness
16622,sadness
8821,happy
5689,sadness
26459,happy
16991,happy
24997,happy
21518,happy
23016,sadness
19001,sadness
27887,sadness
13818,sadness
7724,happy
23875,happy
14059,happy
6541,sadness
7569,sadness
19366,sadness
23472,happy
11800,sadness
18520,happy
7642,sadness
10537,happy
10546,sadness
10806,sadness
3033,sadness
10432,happy
19592,happy
21428,sadness
10860,happy
3062,sadness
8981,sadness
14285,happy
13346,happy
8908,happy
13093,sadness
7467,sadness
14729,sadness
5798,sadness
24234,sadness
16957,happy
22829,happy
7940,happy
26205,happy
172,sadness
16368,sadness
20975,happy
17203,happy
14301,happy
23518,happy
20362,sadness
16837,happy
25475,happy
19862,happy
5348,sadness
17080,sadness
28132,happy
26430,happy
12818,sadness
26510,sadness
16227,sadness
24833,happy
20005,happy
2087,sadness
19148,happy
9086,happy
28409,sadness
22870,happy
24367,happy
18847,happy
16595,happy
24860,sadness
26752,happy
6210,sadness
8561,happy
15875,sadness
15243,sadness
18537,sadness
24385,happy
12346,happy
15006,sadness
15269,sadness
19062,happy
18349,happy
24410,happy
14714,happy
13105,happy
20170,sadness
22618,sadness
26591,happy
7532,happy
25204,happy
5970,sadness
26071,sadness
21036,sadness
27005,sadness
28688,happy
10332,sadness
12197,sadness
19074,happy
9914,happy
18151,happy
18153,happy
9825,sadness
3769,sadness
21425,happy
10735,happy
7501,sadness
20155,happy
20966,happy
14700,happy
24144,sadness
17136,sadness
3463,sadness
8918,happy
21632,sadness
12065,happy
8651,sadness
26855,happy
10428,happy
17686,sadness
3317,sadness
8449,happy
1364,happy
8242,sadness
10844,sadness
24645,sadness
7743,happy
17003,sadness
8157,sadness
12956,happy
8756,happy
11073,sadness
13180,sadness
22866,happy
11621,happy
18578,happy
10114,sadness
24436,sadness
10864,happy
25105,sadness
11808,happy
25850,happy
27162,happy
6897,sadness
21115,happy
18872,sadness
12558,sadness
631,happy
25231,sadness
18244,happy
27038,happy
4505,sadness
10856,happy
17220,happy
23697,sadness
6964,sadness
14725,happy
20315,happy
12916,happy
26371,happy
380,happy
22724,sadness
5903,sadness
28523,sadness
9794,sadness
13073,happy
26128,happy
13156,happy
18925,sadness
21185,happy
23575,happy
18424,sadness
8562,happy
21738,happy
20219,happy
990,sadness
26995,sadness
11835,happy
11957,happy
3125,happy
12164,happy
9469,happy
12550,sadness
14254,happy
839,sadness
21005,sadness
10074,happy
24614,happy
19261,sadness
12158,sadness
7269,sadness
20341,happy
11806,happy
20072,sadness
10637,sadness
6128,sadness
13873,sadness
15460,happy
1348,sadness
15516,happy
27504,sadness
9294,happy
18246,happy
14746,happy
20656,sadness
25368,sadness
7212,sadness
9542,sadness
28396,happy
15477,happy
11909,sadness
25757,sadness
24610,sadness
20324,happy
7662,sadness
18789,happy
2950,sadness
10794,sadness
23865,sadness
27596,sadness
5847,sadness
13373,sadness
5123,sadness
18090,sadness
8551,sadness
11116,sadness
13060,happy
11998,happy
12372,sadness
22149,sadness
18503,happy
2609,sadness
6142,sadness
63,sadness
8087,happy
18297,happy
11380,sadness
12301,sadness
25068,sadness
23567,sadness
22539,sadness
22323,sadness
7619,sadness
426,sadness
7151,sadness
7782,sadness
13583,sadness
17175,sadness
24,happy
10313,happy
23572,happy
18414,happy
23001,happy
8495,sadness
3403,sadness
2802,sadness
13570,happy
14749,sadness
26339,sadness
10039,happy
14922,happy
10128,sadness
7731,happy
21897,sadness
10870,happy
25644,sadness
11192,sadness
8879,sadness
4395,sadness
19282,happy
10996,happy
24648,happy
14136,sadness
17356,sadness
15423,happy
7623,sadness
10648,sadness
10416,sadness
17257,sadness
23451,happy
4281,sadness
15606,sadness
1937,sadness
13091,sadness
12306,happy
25184,sadness
12191,happy
16170,sadness
17542,happy
6324,sadness
17097,sadness
21198,sadness
6264,sadness
11330,sadness
24866,sadness
4736,sadness
22141,sadness
6022,sadness
17098,happy
17953,sadness
25666,happy
8391,happy
21096,happy
16129,happy
27719,sadness
9013,sadness
730,sadness
7540,happy
7848,sadness
17748,sadness
25186,happy
12526,happy
14238,happy
21842,sadness
12157,sadness
9322,happy
5261,sadness
19026,happy
13598,sadness
13444,sadness
21892,happy
14823,sadness
14236,happy
14673,happy
910,sadness
12658,sadness
9269,happy
15964,sadness
3339,sadness
4697,happy
8322,happy
28033,sadness
14766,happy
23675,sadness
16426,happy
13641,sadness
27940,happy
9382,happy
27517,happy
25734,happy
26641,sadness
284,happy
20445,happy
2964,sadness
21450,happy
3618,sadness
27182,happy
688,sadness
13015,happy
2451,sadness
3495,sadness
7044,sadness
19772,happy
2690,sadness
13385,happy
1329,sadness
18955,sadness
9280,sadness
9476,happy
12066,happy
18673,happy
18340,happy
10366,happy
3885,sadness
15517,happy
28034,happy
4874,sadness
10919,sadness
18906,sadness
14649,sadness
21414,sadness
19460,sadness
22831,happy
20469,sadness
25357,happy
17661,happy
14683,happy
19428,sadness
18746,happy
14078,sadness
24577,sadness
22736,happy
9875,happy
25232,happy
16347,happy
22803,sadness
17014,sadness
21488,happy
9158,sadness
24596,happy
3316,sadness
23092,happy
27305,sadness
27953,happy
13637,happy
2459,sadness
15690,happy
16274,sadness
13406,happy
23430,sadness
13027,sadness
9845,happy
17684,happy
20440,sadness
11853,sadness
15528,sadness
6671,sadness
23723,happy
22546,happy
3019,happy
24026,happy
20869,happy
26410,sadness
13812,sadness
9974,sadness
7339,sadness
6312,sadness
26257,happy
22405,happy
14988,happy
27629,sadness
8958,sadness
11478,happy
22780,happy
14470,happy
539,happy
13276,sadness
11939,sadness
14374,sadness
9895,sadness
1031,sadness
15420,happy
15948,happy
7895,happy
21534,happy
18011,sadness
13249,sadness
18600,happy
9328,happy
17743,happy
19006,sadness
27228,happy
5177,sadness
9426,happy
15710,happy
14795,sadness
19821,sadness
14975,happy
24126,happy
3947,sadness
10865,sadness
2546,sadness
22984,happy
28516,sadness
10248,happy
7556,sadness
800,sadness
18213,happy
14384,sadness
607,sadness
27739,happy
20122,happy
27401,sadness
6832,sadness
17579,happy
12051,happy
27643,happy
12297,happy
9172,sadness
1408,sadness
16025,happy
10753,sadness
7989,happy
21927,sadness
14355,happy
19274,sadness
17470,happy
27449,sadness
19117,happy
22225,happy
10225,sadness
5841,sadness
18264,sadness
14474,sadness
124,happy
626,happy
2339,sadness
21473,happy
9538,happy
17037,happy
12995,happy
2138,sadness
6720,sadness
11172,happy
8607,happy
204,sadness
11720,happy
5975,sadness
10671,happy
12822,sadness
15884,happy
11640,happy
11703,sadness
22365,happy
20352,happy
12166,happy
511,happy
14134,sadness
24949,happy
11501,happy
7806,happy
12185,sadness
27460,happy
9652,happy
24442,happy
26415,happy
13630,sadness
24732,happy
17680,sadness
11326,sadness
28138,happy
19695,happy
27227,happy
19015,sadness
19621,sadness
14090,happy
21829,sadness
26716,sadness
8696,sadness
20279,happy
15682,happy
28212,sadness
11012,happy
142,sadness
6786,sadness
5569,sadness
13859,happy
20716,sadness
25578,happy
1921,sadness
21087,happy
15163,happy
5435,happy
16876,happy
12614,happy
7705,sadness
7730,sadness
232,happy
27179,happy
14836,sadness
8913,happy
15992,sadness
20240,happy
3263,sadness
6434,sadness
18045,happy
12428,happy
22271,happy
27495,sadness
27357,sadness
17675,sadness
17219,happy
15326,sadness
1405,sadness
22594,happy
7850,happy
10983,sadness
22256,happy
12324,sadness
67,happy
14785,sadness
20638,happy
23029,happy
27810,sadness
3881,sadness
24879,sadness
26242,happy
18442,happy
27175,happy
8304,sadness
12078,happy
13628,sadness
11489,happy
3910,happy
2365,sadness
9114,sadness
25568,sadness
16679,happy
27204,sadness
25087,sadness
26502,happy
9009,sadness
18714,happy
3381,sadness
3508,sadness
12349,happy
11234,sadness
17621,happy
22449,sadness
9545,happy
13674,sadness
7179,sadness
27952,happy
27621,sadness
11923,happy
21947,happy
4298,sadness
8307,sadness
13181,sadness
14014,happy
19035,happy
25251,happy
8129,happy
1139,sadness
3205,sadness
15389,sadness
437,happy
26423,sadness
9588,sadness
6188,sadness
15453,sadness
20994,happy
12790,sadness
13755,sadness
11826,sadness
22712,sadness
23165,sadness
23933,happy
24416,happy
10447,happy
8552,sadness
5308,sadness
19861,sadness
3154,happy
13906,sadness
20522,sadness
2573,sadness
21127,happy
11088,happy
18944,happy
25470,happy
9255,happy
15792,happy
12659,sadness
16827,happy
23322,sadness
14757,happy
19775,sadness
20347,sadness
9246,happy
19339,happy
11792,sadness
7375,sadness
27197,happy
10347,happy
22910,happy
15118,happy
21474,happy
11419,sadness
26748,happy
17664,sadness
24079,happy
17784,sadness
19826,sadness
6719,sadness
24618,sadness
23721,sadness
19426,happy
20032,happy
10229,happy
15891,happy
9819,happy
641,happy
15867,sadness
23115,happy
26511,happy
11620,happy
24150,happy
24183,sadness
10454,sadness
23407,sadness
20667,happy
27078,sadness
16818,happy
20781,sadness
6544,sadness
4273,sadness
22413,sadness
18939,sadness
26959,sadness
12296,sadness
18755,happy
549,sadness
16171,happy
13643,happy
15561,happy
20809,happy
8041,happy
25738,happy
11333,sadness
20787,sadness
24363,sadness
5431,sadness
18576,happy
21827,sadness
4005,sadness
25747,happy
21769,sadness
17022,happy
3767,sadness
21837,sadness
19791,happy
25617,sadness
23508,happy
11221,happy
27384,happy
14228,happy
98,sadness
13854,sadness
9928,happy
11080,sadness
21172,sadness
9944,happy
7603,happy
8903,happy
24976,happy
5137,sadness
8490,happy
12944,sadness
9341,sadness
12902,sadness
13435,happy
5588,sadness
28307,happy
2035,happy
25080,sadness
3328,sadness
21914,sadness
20930,happy
8188,happy
1926,sadness
20772,sadness
17576,happy
11508,sadness
28344,sadness
25067,happy
17588,happy
23210,happy
10610,happy
13762,happy
8988,happy
7208,sadness
24864,happy
12734,sadness
10485,happy
8657,happy
15371,sadness
12721,happy
153,happy
4773,sadness
23110,sadness
13120,happy
21592,happy
4315,sadness
23648,sadness
10876,happy
9338,sadness
7817,happy
14322,happy
14145,sadness
9139,sadness
12092,sadness
17682,happy
18886,sadness
7566,sadness
8117,happy
14458,happy
14273,sadness
28249,happy
9448,sadness
15349,sadness
25873,happy
25972,happy
16688,happy
18689,sadness
19679,happy
19555,happy
21524,happy
11851,happy
16683,happy
7436,sadness
18572,sadness
23316,happy
27671,happy
125,happy
14475,happy
21996,sadness
7815,happy
14459,sadness
3418,sadness
4594,happy
9900,sadness
26470,sadness
28,happy
6173,sadness
9946,sadness
22208,happy
7747,sadness
8962,sadness
8758,sadness
9111,sadness
8442,happy
13888,sadness
9171,sadness
14996,sadness
16596,happy
12061,sadness
25279,happy
24885,sadness
9903,happy
16542,happy
17432,sadness
21297,happy
27585,sadness
20836,happy
28427,sadness
15554,sadness
25420,happy
13749,happy
4909,sadness
13381,sadness
9374,happy
13509,happy
13049,sadness
9284,happy
7058,sadness
16762,happy
12521,sadness
9986,sadness
24140,sadness
8649,sadness
28697,happy
21208,happy
7071,sadness
25705,happy
26491,sadness
2748,sadness
19478,happy
23075,happy
15927,happy
17694,happy
16460,sadness
14572,sadness
24628,happy
21540,sadness
19518,sadness
12286,sadness
26832,happy
3390,sadness
20002,happy
12447,happy
25672,happy
25753,sadness
21748,sadness
16665,happy
25936,happy
13848,happy
19933,happy
22589,sadness
24588,sadness
17711,happy
12077,happy
17482,sadness
8238,sadness
20923,sadness
10685,happy
17604,happy
5494,happy
23121,sadness
14065,sadness
20431,sadness
22925,sadness
28040,happy
26550,sadness
6563,sadness
14350,sadness
10688,sadness
3770,sadness
4164,sadness
23671,happy
291,happy
23934,happy
14840,happy
11700,sadness
15382,happy
21677,happy
9350,happy
23442,happy
13063,happy
27246,happy
10574,happy
17237,sadness
23670,happy
21602,happy
16994,happy
19393,sadness
26731,happy
9326,happy
8652,happy
1144,sadness
22112,happy
18952,happy
28597,happy
14718,sadness
866,sadness
22544,sadness
14656,happy
19069,sadness
11162,happy
14693,sadness
1494,sadness
6659,sadness
18951,sadness
15159,happy
11790,sadness
21456,happy
20428,happy
12837,sadness
16438,happy
14734,happy
13761,happy
1580,sadness
3141,sadness
16951,happy
20307,sadness
187,happy
17128,sadness
4112,sadness
10752,happy
22454,happy
3611,sadness
22608,happy
22021,happy
3126,sadness
24045,happy
16549,sadness
22301,sadness
17229,happy
21961,happy
26676,happy
11766,happy
309,happy
22541,happy
19383,happy
19728,happy
9033,happy
20235,happy
7252,sadness
19700,happy
23621,happy
20529,happy
21339,sadness
8864,happy
24999,sadness
17130,sadness
16154,happy
14581,sadness
6628,sadness
25142,happy
19716,sadness
20481,sadness
1356,sadness
628,happy
20380,happy
8896,sadness
10070,sadness
24728,happy
22115,happy
9112,happy
7615,happy
26621,happy
9279,happy
9214,sadness
18698,happy
19760,happy
8316,happy
18051,sadness
822,sadness
1713,sadness
27645,happy
27389,sadness
26940,sadness
24670,happy
14340,happy
16136,sadness
17525,happy
4528,sadness
25135,happy
16357,sadness
26632,sadness
24550,sadness
8847,happy
27716,sadness
23010,happy
8437,sadness
23298,happy
20523,happy
20631,sadness
213,happy
7095,sadness
25505,sadness
14600,sadness
16729,sadness
14222,happy
23827,happy
10765,sadness
8461,sadness
14155,sadness
8709,happy
25567,happy
11874,happy
1138,happy
20039,happy
25252,sadness
23901,sadness
10164,sadness
16108,happy
15058,sadness
9766,happy
26532,happy
13571,sadness
27349,happy
18225,happy
21617,happy
447,sadness
306,sadness
25588,sadness
25356,sadness
18929,happy
16495,happy
13883,sadness
14743,sadness
478,sadness
13655,happy
19172,sadness
22219,sadness
12295,sadness
4000,sadness
16126,happy
10724,happy
18681,happy
19940,happy
6856,sadness
8658,happy
27271,happy
28474,happy
25398,happy
26105,sadness
19461,happy
15758,happy
16315,sadness
24951,happy
14488,sadness
7666,happy
19894,happy
28415,happy
22093,sadness
19510,sadness
8853,happy
21412,happy
14449,happy
27083,happy
6673,sadness
10478,happy
24652,happy
14388,sadness
17612,sadness
25337,happy
28253,sadness
17692,happy
13558,happy
17620,sadness
11504,happy
54,sadness
13423,sadness
104,sadness
9800,happy
10081,sadness
10691,happy
15169,sadness
19037,happy
17623,happy
899,happy
3741,sadness
14972,happy
16949,sadness
22487,happy
28615,sadness
13618,happy
18457,sadness
11722,sadness
9160,happy
19315,sadness
25285,happy
11697,happy
12830,happy
13490,sadness
24918,happy
19191,happy
15648,happy
8828,happy
22591,sadness
11081,happy
28043,happy
11761,happy
20661,sadness
22836,sadness
24102,sadness
15616,happy
12581,happy
24100,happy
2313,happy
15447,sadness
25127,happy
27580,happy
2676,sadness
1331,sadness
15558,happy
24530,happy
10480,happy
13765,sadness
26578,happy
25963,sadness
19842,happy
7923,happy
13774,happy
8524,sadness
21566,sadness
15940,sadness
17807,sadness
6904,sadness
8613,sadness
27552,happy
21883,sadness
28426,happy
22210,happy
25469,happy
19652,happy
20012,happy
26535,happy
12193,sadness
11595,sadness
24522,happy
9078,happy
8148,happy
24582,sadness
25476,happy
1532,sadness
22044,happy
13704,sadness
4261,happy
23335,sadness
13984,sadness
1923,sadness
14522,sadness
24384,happy
20657,happy
25932,sadness
12791,happy
8397,happy
23439,happy
10141,happy
6170,sadness
16612,sadness
17117,happy
10578,happy
17360,sadness
22067,sadness
11287,happy
20228,happy
6485,happy
26668,happy
4534,sadness
21521,happy
2777,sadness
19718,sadness
18783,happy
24304,sadness
23938,sadness
14364,sadness
19049,happy
25819,sadness
13040,happy
296,happy
15154,sadness
15624,happy
11238,sadness
23132,happy
27959,happy
25277,sadness
27501,happy
9001,sadness
2912,sadness
23788,happy
14405,happy
2944,sadness
11048,sadness
21612,happy
20583,happy
6922,sadness
23429,happy
27073,happy
12775,sadness
18853,happy
13718,happy
25063,happy
8276,happy
5534,sadness
26529,sadness
23438,sadness
20887,sadness
27056,sadness
21356,sadness
11702,happy
16550,happy
16795,happy
11495,happy
20348,happy
16042,happy
27788,sadness
21773,sadness
28508,happy
24142,happy
14940,sadness
24519,sadness
17346,happy
15866,happy
23978,sadness
13625,sadness
28367,sadness
20309,happy
16808,happy
19451,sadness
19610,sadness
11398,sadness
17447,happy
27256,sadness
9268,happy
19246,happy
16372,sadness
26220,sadness
8205,sadness
23269,happy
10471,happy
19265,sadness
4032,sadness
9487,happy
15983,sadness
12599,sadness
21255,sadness
26878,happy
17521,sadness
26943,happy
9407,happy
28696,sadness
17617,happy
20326,sadness
25445,happy
27116,happy
19044,sadness
2538,sadness
26258,happy
8339,happy
18027,happy
5380,happy
15338,happy
14593,happy
22099,sadness
25943,sadness
28255,happy
23510,happy
23699,happy
25465,happy
11402,sadness
9169,happy
24251,sadness
4237,happy
390,sadness
13990,happy
24947,happy
15073,sadness
10179,sadness
9166,happy
27420,sadness
7039,sadness
9706,happy
9959,sadness
4230,sadness
166,sadness
4872,sadness
6464,sadness
22040,sadness
21467,sadness
16035,happy
11149,sadness
20919,happy
9147,happy
19934,sadness
7310,sadness
26638,happy
19558,happy
23105,sadness
28220,happy
17380,happy
10888,sadness
25380,happy
18342,sadness
25694,happy
25141,happy
2892,sadness
24305,sadness
11658,happy
22003,sadness
20196,happy
7301,happy
12892,happy
27322,happy
10094,sadness
11026,sadness
11273,sadness
18187,happy
21702,happy
27873,sadness
14086,happy
13115,sadness
27399,sadness
18550,sadness
21134,sadness
21980,sadness
8174,happy
8639,sadness
19377,happy
3394,happy
24301,happy
16703,happy
844,sadness
15660,happy
2751,sadness
2457,sadness
2607,sadness
14888,happy
26579,sadness
7664,happy
24340,happy
17489,sadness
25217,sadness
20645,happy
15165,happy
17115,sadness
25650,sadness
13925,happy
7945,happy
21627,sadness
23905,sadness
8543,happy
7878,sadness
12406,happy
1609,sadness
19764,sadness
8317,sadness
20910,happy
13645,happy
20908,sadness
15232,happy
9599,happy
19467,happy
285,happy
20607,happy
28638,sadness
15071,sadness
6762,sadness
9372,happy
9267,sadness
14193,happy
24590,happy
14130,sadness
23391,happy
18266,sadness
15448,happy
19659,happy
25366,happy
23581,happy
451,sadness
18907,happy
26238,happy
20418,happy
27079,sadness
15097,sadness
21182,sadness
19823,sadness
20487,happy
11822,sadness
17144,happy
26865,happy
9643,sadness
13479,sadness
7264,sadness
23952,sadness
27675,happy
25225,sadness
3237,sadness
22522,happy
23238,happy
8855,happy
10703,happy
22150,happy
17126,happy
9274,happy
8029,happy
22730,sadness
23496,sadness
11746,sadness
2828,sadness
19320,sadness
19118,happy
16465,happy
19363,sadness
17625,sadness
5994,sadness
18962,sadness
15455,happy
11191,happy
13459,sadness
28241,sadness
21048,happy
22302,happy
11159,sadness
8095,happy
8430,sadness
25510,sadness
24580,happy
14523,happy
13526,happy
23947,happy
20674,happy
11336,happy
22111,happy
15512,happy
12899,sadness
15661,sadness
27373,sadness
9051,sadness
1125,happy
640,sadness
18448,happy
18206,happy
11854,sadness
6816,sadness
27148,happy
27082,happy
23999,sadness
10650,sadness
27371,sadness
14782,happy
20333,sadness
17375,sadness
19818,happy
12153,happy
8475,happy
8261,happy
2675,sadness
8943,happy
26472,sadness
15009,sadness
11683,happy
430,sadness
19968,happy
10720,sadness
15832,sadness
9719,sadness
15076,happy
18807,sadness
19372,sadness
26841,happy
20351,sadness
10488,sadness
28276,happy
23542,sadness
13885,happy
17968,happy
27993,sadness
4864,sadness
22614,happy
17658,happy
27347,sadness
23018,happy
16859,sadness
15753,sadness
27294,happy
25827,happy
7475,happy
14569,sadness
20580,happy
19529,happy
12221,happy
18676,sadness
19580,sadness
27111,sadness
8122,happy
26460,happy
24354,happy
22963,happy
24204,sadness
15158,sadness
20258,happy
10436,happy
4804,sadness
5787,happy
22693,happy
22468,sadness
24752,happy
15857,happy
8632,happy
21075,sadness
12207,sadness
17224,sadness
23965,sadness
17778,sadness
3804,sadness
26113,happy
21242,happy
23852,happy
27104,happy
4292,sadness
12209,sadness
15211,sadness
20087,happy
10351,happy
15908,happy
14465,sadness
14995,happy
24881,sadness
19163,happy
1188,sadness
19218,happy
13659,happy
7961,happy
25448,sadness
10793,sadness
17419,sadness
13563,happy
195,sadness
26150,happy
27167,happy
12323,happy
19271,happy
25408,sadness
1173,sadness
13129,happy
25748,happy
21034,sadness
26746,sadness
27854,happy
17093,happy
9833,happy
7163,sadness
26563,happy
27797,happy
14283,happy
23895,happy
15035,happy
7105,sadness
8434,sadness
18143,happy
12478,happy
27856,happy
16551,happy
20365,happy
12729,happy
24085,sadness
10587,happy
13639,sadness
22796,sadness
14031,happy
4418,sadness
14561,sadness
1153,sadness
19182,sadness
18040,happy
25006,happy
16010,sadness
25212,happy
7479,sadness
23889,sadness
13802,happy
22596,sadness
15484,sadness
24927,happy
14192,sadness
3724,sadness
12912,happy
24529,sadness
16943,sadness
21124,sadness
770,sadness
16491,happy
27714,sadness
8383,happy
20399,happy
27236,sadness
11974,sadness
19792,sadness
27403,sadness
22119,happy
4647,sadness
16164,sadness
15653,happy
26810,sadness
21290,sadness
20466,sadness
16246,sadness
15429,sadness
3882,sadness
20596,happy
2569,happy
19914,happy
14025,happy
17331,sadness
12040,sadness
24233,sadness
24135,happy
9647,happy
9238,happy
19025,happy
12030,sadness
27786,sadness
14633,sadness
9653,sadness
23449,happy
28502,happy
23908,happy
24859,happy
27043,sadness
18289,happy
637,happy
19600,happy
27452,happy
15883,happy
16311,happy
11500,happy
25325,happy
10697,happy
17580,happy
8974,sadness
6521,sadness
12449,sadness
17948,happy
19457,happy
13538,happy
16863,sadness
5101,sadness
8287,sadness
27665,sadness
13219,happy
24308,sadness
24068,sadness
24783,happy
9015,sadness
9155,happy
23241,happy
16275,happy
27263,happy
9639,sadness
15803,happy
9123,happy
8101,sadness
4795,happy
9278,happy
4771,happy
20828,sadness
28477,happy
19407,sadness
2077,sadness
19443,happy
8390,sadness
16013,sadness
17871,happy
21395,happy
14200,happy
24390,happy
15406,sadness
14839,sadness
18188,happy
12600,happy
18683,happy
22823,happy
19927,happy
10311,sadness
25414,happy
27487,happy
27212,happy
17142,happy
16411,happy
24746,happy
21772,sadness
10276,happy
8504,happy
16505,happy
12041,sadness
27258,sadness
18483,happy
10059,sadness
10193,happy
23786,sadness
14546,happy
16706,sadness
26479,happy
24953,sadness
24440,happy
13494,sadness
21552,sadness
371,happy
20128,happy
16896,happy
24454,happy
18505,sadness
8,happy
14662,happy
22194,happy
11085,sadness
7959,happy
21815,sadness
14948,happy
2175,sadness
26753,happy
19706,sadness
20861,happy
17010,happy
14962,sadness
26352,happy
9516,happy
8082,happy
14582,happy
7827,happy
24310,happy
19657,happy
11533,happy
24957,sadness
315,happy
18728,sadness
20981,sadness
6,sadness
15294,sadness
17770,happy
27303,sadness
5108,happy
25377,sadness
25759,happy
9138,sadness
18367,sadness
15240,happy
27507,sadness
24563,happy
1604,sadness
3206,happy
10675,sadness
4484,sadness
5166,sadness
24043,happy
15475,happy
13716,sadness
22014,happy
17666,sadness
27433,sadness
16242,happy
12690,sadness
28069,happy
14271,sadness
21590,happy
18286,sadness
8473,happy
20371,sadness
24750,sadness
20379,happy
28262,happy
8121,happy
13183,sadness
23856,sadness
14251,happy
7173,sadness
1633,sadness
26477,happy
1208,sadness
6644,sadness
14191,sadness
21746,sadness
18102,happy
10621,happy
11409,sadness
22104,sadness
20390,happy
10525,happy
18987,sadness
14566,sadness
15018,happy
12172,happy
20945,happy
28608,happy
28021,sadness
14880,sadness
14654,sadness
8222,happy
18692,sadness
21052,sadness
3075,sadness
2983,sadness
15858,sadness
26604,happy
9618,happy
23452,sadness
25286,sadness
2587,sadness
25342,happy
15411,sadness
8298,happy
9921,happy
20286,sadness
11554,happy
2840,sadness
27528,happy
9454,sadness
21080,happy
15782,sadness
4143,sadness
7460,sadness
25049,happy
14055,happy
4238,sadness
15621,happy
9935,happy
4210,happy
41,happy
18975,happy
1851,sadness
16366,sadness
28108,sadness
21305,happy
9445,sadness
26203,sadness
8806,happy
15185,happy
24933,happy
8235,happy
15249,sadness
16839,sadness
8831,happy
14963,happy
22511,sadness
28174,happy
18452,happy
14568,happy
20519,happy
6374,sadness
15744,happy
16663,sadness
4379,sadness
10807,happy
27180,happy
20838,sadness
28273,happy
21180,sadness
23909,happy
17615,sadness
26644,happy
24526,happy
10293,sadness
20704,happy
12857,happy
3823,sadness
25073,sadness
18541,sadness
26633,sadness
26766,happy
24346,happy
8793,sadness
19033,sadness
8403,happy
9912,sadness
7561,happy
9635,happy
26953,happy
13505,happy
7157,sadness
11583,happy
20946,happy
5016,sadness
18961,happy
10468,happy
19880,sadness
10449,happy
4267,sadness
20013,happy
18410,happy
17882,happy
26079,sadness
15613,sadness
7518,happy
13226,happy
4389,sadness
18540,sadness
16184,happy
6222,sadness
14084,sadness
18245,happy
17648,happy
58,sadness
10641,sadness
12982,happy
6984,sadness
18110,sadness
23552,happy
17215,happy
18124,sadness
2101,sadness
7723,happy
25982,happy
14892,happy
27446,happy
1772,happy
15095,happy
9605,happy
15789,sadness
22524,happy
24066,sadness
696,sadness
15577,sadness
26006,sadness
16592,sadness
17657,happy
1263,happy
27862,sadness
25837,happy
26934,sadness
26624,happy
11650,happy
12121,happy
3972,sadness
196,happy
13076,happy
5217,sadness
23175,sadness
26660,happy
8447,happy
26231,sadness
26276,sadness
16573,happy
1686,sadness
23657,sadness
27948,sadness
21788,happy
19192,happy
2261,sadness
19447,happy
2508,sadness
11183,sadness
26872,happy
27784,sadness
5600,sadness
13074,happy
20378,happy
20766,happy
17962,happy
14226,sadness
18018,happy
1526,sadness
26963,happy
13901,happy
24109,sadness
13877,happy
24334,sadness
28657,sadness
19505,sadness
20807,happy
24336,sadness
11666,sadness
9222,happy
14160,happy
20429,sadness
2879,sadness
28581,happy
20971,sadness
24910,happy
22738,sadness
5228,sadness
7084,sadness
7268,sadness
8723,sadness
3059,sadness
23541,sadness
23850,happy
9709,happy
15831,happy
17275,sadness
25477,happy
25076,sadness
19885,happy
15415,sadness
7986,happy
13560,happy
20080,sadness
15590,happy
13867,sadness
11996,sadness
15541,happy
8510,happy
9151,sadness
10344,happy
13053,happy
17914,sadness
28375,happy
25726,sadness
8996,happy
9739,sadness
25056,happy
26856,happy
21757,sadness
26673,sadness
6137,happy
14884,sadness
20173,sadness
21535,sadness
12668,happy
17389,happy
14933,happy
15748,happy
6212,sadness
22220,happy
21340,happy
18723,happy
14441,happy
16293,sadness
19370,happy
13089,happy
12269,sadness
11031,sadness
18752,happy
5480,happy
20958,happy
21957,sadness
10995,sadness
8376,happy
22716,sadness
12327,happy
19597,happy
21657,sadness
27036,happy
18655,happy
17867,happy
1353,sadness
10540,happy
2989,sadness
16975,happy
21237,happy
26642,sadness
26497,happy
16081,happy
3893,sadness
14277,sadness
23960,happy
2555,sadness
25487,sadness
23168,happy
28200,happy
2565,sadness
17029,sadness
22934,sadness
21482,sadness
17690,happy
14349,happy
13574,sadness
28073,sadness
14321,sadness
3491,sadness
23868,sadness
12964,sadness
26991,sadness
86,sadness
14932,sadness
1846,sadness
11079,happy
3078,sadness
22384,happy
19864,sadness
21209,sadness
13448,sadness
8476,happy
10272,happy
28424,sadness
26743,happy
14510,happy
8164,sadness
20208,happy
18086,happy
13228,happy
13388,happy
20731,happy
18016,happy
24303,happy
26328,sadness
24029,sadness
15815,sadness
2256,sadness
8138,happy
14161,sadness
10730,happy
6748,sadness
22412,happy
12024,happy
20221,happy
24027,happy
23619,happy
23958,happy
7473,sadness
17232,sadness
17109,sadness
15711,happy
27561,sadness
16008,happy
19812,happy
22490,happy
14169,happy
18930,happy
24241,happy
23599,happy
27634,sadness
15092,sadness
25656,happy
27171,happy
27226,happy
4705,sadness
3337,happy
14319,happy
25429,happy
10398,happy
21831,happy
11885,happy
22445,happy
22463,happy
9687,happy
23271,happy
21439,sadness
15432,sadness
9125,happy
27601,happy
17970,happy
13012,sadness
16496,sadness
25565,happy
24845,happy
23139,sadness
10477,happy
5776,happy
22903,happy
5262,sadness
13516,happy
16072,happy
26064,sadness
4614,sadness
22808,sadness
25385,happy
17753,happy
3342,sadness
15522,happy
3567,sadness
26110,happy
20762,sadness
11355,sadness
19312,sadness
13998,happy
24973,happy
13175,sadness
21147,sadness
22936,happy
11473,happy
17908,happy
808,sadness
22353,sadness
9298,happy
17924,happy
22444,happy
20503,sadness
24663,happy
831,sadness
8857,happy
13697,sadness
3437,sadness
26060,happy
23135,happy
7783,happy
13911,happy
24805,happy
8604,sadness
21364,sadness
4129,sadness
19125,happy
26616,happy
16022,sadness
20114,happy
26346,sadness
21059,sadness
19414,sadness
16063,sadness
18300,sadness
5083,sadness
13741,happy
12141,happy
22395,happy
10877,happy
27647,sadness
17480,happy
18493,happy
27603,happy
1067,sadness
9073,sadness
17030,sadness
7993,sadness
27506,sadness
17089,sadness
14765,happy
21236,happy
14006,happy
21312,happy
26849,happy
27851,happy
25987,happy
23070,happy
15402,happy
23836,happy
21819,happy
417,happy
22792,sadness
24057,sadness
14843,happy
11596,happy
3773,sadness
27089,sadness
9855,happy
19036,happy
12512,sadness
10722,happy
17455,happy
11340,sadness
1812,sadness
13387,happy
28684,happy
27783,happy
8335,happy
19943,happy
8265,happy
10386,sadness
19748,happy
28105,happy
24592,happy
26567,happy
23855,sadness
12571,happy
14682,sadness
17078,happy
27035,sadness
10297,happy
10681,happy
24394,happy
14360,happy
6858,sadness
7762,happy
24263,happy
22687,happy
21228,happy
8033,sadness
12444,sadness
19205,happy
5185,happy
13138,sadness
19382,sadness
24724,sadness
18323,happy
3326,sadness
3357,sadness
10145,happy
13564,happy
27522,sadness
26982,sadness
9385,happy
28191,happy
11357,sadness
24052,sadness
10106,happy
12464,happy
12717,happy
15409,happy
10453,sadness
14896,sadness
7555,happy
6657,sadness
3692,sadness
10769,sadness
22996,happy
7706,happy
26098,happy
3365,sadness
26609,happy
18547,sadness
25164,happy
1991,happy
15054,happy
4851,sadness
10368,happy
19,sadness
16131,happy
20551,sadness
25456,happy
26080,happy
10892,sadness
26140,happy
23424,sadness
24658,sadness
13143,happy
21539,sadness
16974,sadness
17242,happy
18453,sadness
16488,happy
1463,sadness
21379,happy
3352,sadness
27392,sadness
22744,sadness
22406,sadness
26608,happy
27160,happy
28194,happy
17184,happy
11515,happy
7671,sadness
19109,happy
16658,happy
22052,sadness
27260,sadness
23020,sadness
11131,happy
13726,sadness
13317,sadness
19856,sadness
27905,sadness
9286,happy
9810,sadness
13578,sadness
18361,sadness
12545,happy
22838,happy
10757,sadness
27345,sadness
27032,sadness
10639,happy
3420,sadness
444,happy
11866,happy
7742,sadness
27913,sadness
214,happy
14425,happy
2496,sadness
20107,happy
12378,sadness
12943,sadness
19160,happy
20430,happy
19210,happy
5995,sadness
17094,sadness
19919,happy
9165,happy
3039,sadness
11562,happy
20965,sadness
5755,sadness
5676,sadness
11280,sadness
23163,happy
10828,sadness
6542,sadness
8529,happy
23736,happy
28622,sadness
5257,sadness
13370,sadness
22757,sadness
12839,happy
14997,happy
9459,sadness
12344,sadness
28413,happy
18428,sadness
20334,happy
17221,happy
18066,sadness
25091,happy
4611,sadness
18494,happy
25985,sadness
2590,happy
28369,happy
12593,sadness
17554,happy
5504,sadness
21649,sadness
13396,happy
6149,sadness
18400,happy
13383,happy
28589,sadness
27578,happy
1010,sadness
21158,sadness
4425,sadness
28159,sadness
28363,happy
27727,sadness
25413,happy
13469,happy
11597,happy
19219,happy
24038,happy
24718,happy
16066,sadness
12001,sadness
9750,sadness
12122,happy
22911,happy
11033,happy
18173,happy
24353,happy
13343,happy
16636,happy
18831,sadness
141,happy
19869,sadness
25211,happy
28583,sadness
12904,sadness
11074,sadness
20111,happy
364,happy
22844,sadness
16444,happy
15704,happy
19997,sadness
9812,happy
15913,sadness
4761,sadness
22922,happy
12847,sadness
22568,happy
16567,happy
561,happy
14764,happy
15878,sadness
19535,sadness
7616,happy
14517,happy
16635,sadness
27045,happy
17333,happy
22276,sadness
16752,sadness
27426,happy
2248,sadness
23453,happy
28133,sadness
16458,happy
4941,happy
8097,happy
27836,sadness
27608,sadness
20527,happy
12152,sadness
16139,sadness
5642,sadness
23211,sadness
19400,happy
27203,happy
10784,happy
19731,sadness
27718,sadness
9689,happy
24510,happy
19215,happy
15515,happy
15205,happy
2007,sadness
25920,sadness
7901,happy
16160,sadness
25059,sadness
18477,happy
13725,happy
22110,happy
18351,happy
14336,sadness
12604,happy
19710,happy
12337,happy
4729,sadness
23971,happy
23054,happy
2780,sadness
9531,happy
12708,happy
2916,sadness
8691,sadness
28355,sadness
22450,happy
28099,sadness
24294,sadness
532,happy
16697,happy
16760,happy
18518,happy
20921,happy
21077,sadness
28466,sadness
17966,sadness
27693,sadness
13663,happy
6073,sadness
18826,happy
231,sadness
11778,sadness
28362,sadness
20865,happy
13841,happy
5789,sadness
28376,happy
28143,sadness
22689,sadness
18101,sadness
27184,happy
8885,sadness
22565,happy
23101,happy
5666,happy
26675,sadness
27155,happy
10635,happy
14281,sadness
27865,happy
14737,happy
17361,sadness
12351,happy
15812,happy
9154,sadness
24861,happy
19144,sadness
7813,happy
12887,happy
27333,happy
4045,sadness
1531,sadness
6147,happy
8740,happy
18933,happy
24139,sadness
27432,sadness
25494,sadness
5150,sadness
21937,happy
422,sadness
25444,happy
25830,sadness
6481,sadness
14771,happy
1563,sadness
21610,sadness
12617,happy
9547,happy
7602,sadness
15523,happy
24983,sadness
24450,happy
15737,happy
12636,happy
5071,sadness
18756,happy
11857,happy
1461,sadness
17597,sadness
7547,happy
14556,sadness
20393,sadness
23728,happy
28512,happy
25310,sadness
13065,sadness
23667,happy
16106,sadness
21810,sadness
15966,sadness
12085,happy
21460,happy
27694,sadness
18345,sadness
154,sadness
16597,happy
27628,sadness
27030,sadness
7037,sadness
386,sadness
19875,happy
531,happy
15853,happy
27468,sadness
26424,sadness
17763,sadness
9174,happy
8086,happy
103,happy
23435,happy
10891,sadness
24009,happy
26581,sadness
4373,sadness
15189,sadness
14871,happy
2499,sadness
7692,happy
13333,sadness
19197,happy
17032,happy
26375,sadness
16,sadness
24602,happy
25981,happy
14227,happy
17240,happy
15560,sadness
28274,happy
27480,happy
15419,happy
17728,happy
18324,happy
1648,sadness
24906,happy
20501,happy
8662,happy
11439,happy
14397,happy
11733,happy
27161,happy
25501,happy
17827,happy
13477,sadness
11549,happy
21313,happy
13631,sadness
13562,sadness
9636,happy
3548,sadness
9967,happy
16935,happy
15346,sadness
27779,happy
23471,sadness
15784,sadness
2838,sadness
11614,happy
4233,sadness
25454,sadness
16306,sadness
27215,sadness
23630,happy
7676,happy
22761,sadness
18842,sadness
16504,sadness
21336,happy
15551,sadness
27607,happy
20655,sadness
8098,sadness
10171,sadness
24249,sadness
18710,happy
27547,sadness
223,sadness
7407,sadness
10066,sadness
10903,happy
13600,sadness
8659,sadness
24636,sadness
16239,happy
11068,sadness
23042,sadness
24275,happy
17757,sadness
8914,happy
18498,happy
26831,happy
4684,sadness
7373,sadness
21385,happy
9790,happy
28437,sadness
27539,sadness
20248,happy
24417,sadness
23136,happy
22056,sadness
23969,happy
27755,happy
26147,happy
4914,happy
9713,sadness
13404,happy
9899,happy
21671,sadness
28085,happy
17281,sadness
28500,happy
7978,happy
23290,sadness
28656,happy
24162,sadness
24073,happy
26287,sadness
12114,happy
25869,happy
25714,happy
26093,happy
27241,sadness
20395,sadness
26909,happy
23726,happy
8303,happy
26806,sadness
5710,sadness
9497,happy
7546,happy
5057,sadness
14553,sadness
20490,happy
17462,sadness
10280,happy
22790,happy
7567,sadness
14054,happy
27198,sadness
14157,sadness
23936,sadness
16631,sadness
24536,happy
14399,happy
24487,happy
17381,happy
14097,sadness
20397,happy
8470,happy
22510,happy
24889,happy
20792,happy
21647,sadness
19588,happy
16279,happy
17523,sadness
26836,happy
15428,sadness
10050,happy
26672,happy
24917,sadness
11785,happy
12728,sadness
11582,sadness
19421,sadness
9347,happy
15776,happy
26398,sadness
15298,happy
21274,sadness
5224,sadness
16334,happy
4662,sadness
5229,sadness
21267,happy
13272,happy
26646,sadness
12462,sadness
13229,happy
20914,sadness
11313,sadness
19981,happy
7710,sadness
21709,happy
12926,happy
22290,happy
16905,sadness
11507,happy
13584,happy
27757,happy
618,sadness
4555,sadness
6087,happy
11990,happy
25933,happy
27368,happy
8191,happy
21419,sadness
20460,happy
16150,happy
16840,sadness
8941,happy
21348,happy
10224,sadness
15026,sadness
16356,sadness
19164,happy
10424,happy
13947,happy
16900,sadness
11356,happy
16938,sadness
25769,sadness
23763,happy
19250,sadness
8693,happy
24570,sadness
8455,sadness
14262,happy
21783,happy
19573,sadness
26815,happy
16086,happy
9603,sadness
24583,sadness
11509,sadness
18852,sadness
13515,happy
11502,sadness
7907,happy
26521,sadness
10555,happy
10331,happy
26977,happy
20613,happy
20046,sadness
15212,happy
11793,happy
8953,sadness
26890,happy
385,sadness
18514,happy
12730,happy
24199,happy
26506,happy
23426,sadness
16157,happy
23862,happy
28665,sadness
27878,happy
10353,sadness
13316,happy
16245,sadness
9775,happy
17194,happy
17789,happy
22574,happy
21963,sadness
22189,sadness
23342,happy
21053,sadness
12437,sadness
19565,sadness
26260,happy
9455,happy
12562,happy
14040,sadness
8355,happy
24665,happy
21201,sadness
16832,happy
14879,sadness
13972,happy
19524,happy
19945,sadness
9705,sadness
11040,sadness
26503,happy
24540,happy
27681,sadness
16200,happy
10405,happy
19542,sadness
19771,happy
6007,sadness
24560,happy
343,sadness
12625,sadness
16272,happy
25553,sadness
24572,happy
10289,sadness
23681,happy
18677,sadness
562,happy
5398,sadness
26670,sadness
19139,happy
19783,happy
1420,sadness
18950,happy
22819,happy
13793,sadness
17112,happy
17430,sadness
26976,happy
20599,happy
24559,happy
7511,sadness
9486,happy
15299,happy
18061,sadness
3031,sadness
20304,happy
8722,happy
13929,happy
21302,happy
22764,sadness
13137,sadness
19768,happy
11210,happy
11209,happy
7948,happy
24129,happy
18895,sadness
334,happy
12267,sadness
7659,happy
17804,happy
14502,sadness
26297,sadness
8417,sadness
19068,sadness
19353,sadness
10035,happy
24236,sadness
3450,sadness
25281,sadness
20330,happy
21149,happy
7877,sadness
14318,happy
10515,sadness
13178,sadness
19063,sadness
17982,sadness
21039,happy
6798,sadness
27343,sadness
4447,sadness
8477,sadness
17671,happy
14433,happy
22817,sadness
5629,sadness
6307,sadness
3028,sadness
22592,sadness
28008,happy
27869,happy
12217,sadness
10000,happy
15658,sadness
28169,sadness
13234,sadness
11399,sadness
28157,sadness
15787,happy
27625,happy
10997,happy
13461,happy
18662,happy
2485,sadness
28074,happy
18488,sadness
16562,happy
24007,sadness
13764,sadness
27259,sadness
17803,happy
2552,sadness
24492,happy
25236,sadness
21935,happy
10590,happy
82,happy
19137,happy
20000,happy
17268,sadness
23341,sadness
9413,sadness
18047,sadness
17996,happy
11242,happy
17655,happy
23476,happy
24784,sadness
14759,sadness
5115,sadness
22989,sadness
11284,sadness
2372,sadness
20468,sadness
14198,sadness
11144,happy
20552,happy
2582,sadness
23687,sadness
16135,happy
26873,happy
23063,happy
8836,happy
7647,sadness
8044,sadness
27118,sadness
616,sadness
18701,sadness
15476,happy
7119,sadness
18623,sadness
27661,happy
11966,sadness
21133,happy
19082,sadness
7713,happy
8260,happy
9837,sadness
9391,sadness
9244,sadness
28192,sadness
18296,sadness
24874,happy
16383,sadness
6025,sadness
24945,sadness
24379,happy
16834,happy
5291,sadness
18729,happy
21145,sadness
21235,sadness
6068,sadness
10680,happy
12000,happy
5033,sadness
19857,sadness
21778,sadness
22521,sadness
28612,happy
20504,sadness
25002,sadness
23400,sadness
5370,sadness
10098,happy
7928,happy
27903,happy
13056,happy
19976,sadness
14508,happy
8548,happy
25907,happy
17888,sadness
2942,sadness
8717,sadness
23180,sadness
8731,sadness
20253,happy
15403,happy
4359,sadness
5424,sadness
26254,sadness
7576,sadness
9631,happy
20455,happy
8777,sadness
18282,happy
25145,sadness
18927,sadness
15799,happy
23937,happy
4572,sadness
12120,happy
4857,sadness
16691,sadness
25794,sadness
26538,sadness
9816,happy
10284,happy
14183,happy
8955,sadness
26794,sadness
19722,happy
21027,happy
27611,happy
15151,sadness
20678,happy
23549,sadness
21542,happy
19127,happy
21648,happy
18685,happy
20709,happy
11801,happy
23303,happy
26925,sadness
7804,happy
11481,sadness
17187,happy
17830,sadness
15543,happy
25154,sadness
11415,sadness
2278,sadness
530,sadness
19494,sadness
20361,happy
15275,sadness
13032,sadness
28321,happy
22235,happy
25564,happy
540,sadness
28295,sadness
7825,sadness
6369,sadness
8018,sadness
12648,sadness
23353,sadness
27543,happy
9720,sadness
23411,sadness
23520,sadness
25821,happy
27670,sadness
11907,happy
17414,sadness
25218,sadness
8153,sadness
27052,sadness
28017,happy
28488,sadness
22805,happy
20074,happy
11685,happy
17884,sadness
26871,happy
15320,happy
11691,happy
28562,happy
11352,sadness
6704,sadness
17602,sadness
10631,sadness
15161,happy
15707,happy
12611,happy
7621,happy
22740,sadness
27407,happy
3082,sadness
12797,happy
28041,sadness
9122,happy
15239,happy
317,sadness
18771,sadness
19596,happy
17608,happy
1984,sadness
16487,sadness
12849,sadness
12170,happy
25111,happy
18836,sadness
13943,happy
27640,happy
17984,sadness
11077,happy
13727,happy
20894,happy
13917,happy
8036,happy
10683,happy
16278,sadness
26265,happy
25768,happy
4738,sadness
28348,sadness
11884,happy
19509,happy
10992,happy
9892,sadness
16455,happy
8814,happy
25733,sadness
14822,happy
22732,happy
8336,sadness
16408,sadness
18733,happy
14223,happy
16838,sadness
25736,sadness
13153,sadness
28377,happy
22804,happy
8116,sadness
9549,sadness
6574,sadness
2166,sadness
19879,sadness
2785,sadness
2312,sadness
27587,happy
6994,sadness
18564,sadness
16125,sadness
24399,happy
28299,sadness
28691,sadness
16861,sadness
19613,happy
9256,happy
22344,happy
16619,happy
24871,sadness
13283,happy
10483,happy
15687,sadness
13106,sadness
11365,sadness
8966,happy
12111,sadness
16629,happy
24322,happy
23412,happy
